id,lang,channel,split,label_origin,source_text,expected_json,verdict,reviewer,comment
seed:001_X_20260903,pl,TEXT,pl,draft,"OSTRZEŻENIE NAWIGACYJNE NR PL 213/2026 (NAVTEX)
KATEGORIA: WYMAGANIA W ZAKRESIE BEZPIECZEŃSTWA
OBSZAR: BAŁTYK POŁUDNIOWY. LOKALIZACJA: WYBRZEŻE POLSKIE, ZATOKA POMORSKA. MAPA INT1295.
AKWEN O WSPÓŁRZĘDNYCH 1. 54-03.73N 014-27.88E 2. 54-11.45N 014-36.38E 3. 54-13.51N 014-46.88E 4. 54-10.31N 014-48.78E OGŁASZA SIĘ JAKO NIEBEZPIECZNY DLA ŻEGLUGI I RYBOŁÓWSTWA ZE WZGLĘDU NA ĆWICZENIA WOJSKOWE Z UŻYCIEM UZBROJENIA W DNIACH: 2026-09-07 OD GODZINY 14:00 DO GODZINY 15:00 2026-09-10 OD GODZINY 21:00 DO GODZINY 23:00
TERMIN OBOWIĄZYWANIA: OD 07 WRZ 2026, 14:00 (CET) DO 10 WRZ 2026, 23:00 (CET)
UWAGI: ZALECANA SZCZEGÓLNA UWAGA
ROZPOWSZECHNIONO 03 WRZ 2026. BHMW, KRAJOWY KOORDYNATOR OSTRZEŻEŃ NAWIGACYJNYCH.
","{""event_type"": ""EXERCISE"", ""warning_id"": ""PL 213/2026"", ""issued_at"": null, ""valid_from"": ""2026-09-07T12:00:00Z"", ""valid_to"": ""2026-09-10T21:00:00Z"", ""geometry"": {""type"": ""Polygon"", ""coordinates"": [[[14.4647, 54.0622], [14.6063, 54.1908], [14.7813, 54.2252], [14.813, 54.1718], [14.4647, 54.0622]]]}, ""location_name"": ""BAŁTYK POŁUDNIOWY, WYBRZEŻE POLSKIE, ZATOKA POMORSKA"", ""agency"": ""BHMW"", ""entities"": []}",,,
seed:002_X_20260903,en,TEXT,en,draft,"NAVIGATIONAL WARNING NO. PL 213/2026 (NAVTEX)
CATEGORY: SECURITY-RELATED REQUIREMENTS
AREA: SOUTHERN BALTIC. LOCALISATION: POLISH COAST, POMERANIAN BAY. CHART INT1295.
DUE TO MILITARY EXERCISES AREA BOUNDED BY POSITIONS 1. 54-03.73N 014-27.88E 2. 54-11.45N 014-36.38E 3. 54-13.51N 014-46.88E 4. 54-10.31N 014-48.78E IS TEMPORARILY DANGEROUS FOR SHIPPING AND FISHERY: ON 2026-09-07 FROM 12:00 TO 13:00 ON 2026-09-10 FROM 19:00 TO 21:00 TIME IN UTC
TERM OF VALIDITY: FROM 07 SEP 2026, 12:00 (UTC) TO 10 SEP 2026, 21:00 (UTC)
REMARKS: EXTREME CAUTION ADVISED
PROMULGATED 03 SEP 2026. HYDROGRAPHIC OFFICE OF THE POLISH NAVY, POLISH COORDINATOR OF RADIO NAVIGATIONAL WARNINGS.
","{""event_type"": ""EXERCISE"", ""warning_id"": ""PL 213/2026"", ""issued_at"": null, ""valid_from"": ""2026-09-07T12:00:00Z"", ""valid_to"": ""2026-09-10T21:00:00Z"", ""geometry"": {""type"": ""Polygon"", ""coordinates"": [[[14.4647, 54.0622], [14.6063, 54.1908], [14.7813, 54.2252], [14.813, 54.1718], [14.4647, 54.0622]]]}, ""location_name"": ""SOUTHERN BALTIC, POLISH COAST, POMERANIAN BAY"", ""agency"": ""BHMW"", ""entities"": []}",,,
seed:003_P_20180521,en,SDR,en,none,"ZCZC PA19
NETHERLANDS COASTGUARD
NAVIGATIONAL WARNING NR. 19 212040 UTC MAY
WINDFARM BORSSELE
GEOPHYSICAL SURVEY BY BIBBY TETHRA 2EGF8
A. 51-41N 003-08E
B. 51-41N 002-58E
C. 51-49N 003-08E
D. 51-49N 002-58E
WIDE BERTH REQUESTED
NNNN
",,,,
seed:004_P_20180523,en,SDR,en,none,"ZCZC PA40
NETHERLANDS COASTGUARD
NAVIGATIONAL WARNING NR. 40 230327 UTC MAY
GEOTECHNICAL DRILLING OPERATIONS
BY MV FUGRO SYNERGY / C6XR3 IN AN AREA
BOUNDED BY:
A: 52-50N 004-14E
B: 52-50N 004-22E
C: 52-36N 004-22E
D: 52-36N 004-08E
WIDE BERTH REQUESTED.
NNNN
",,,,
seed:005_P_20180524,en,SDR,en,none,"ZCZC PA42
NETHERLANDS COASTGUARD
NAVIGATIONAL WARNING NR. 42 241200 UTC MAY
RIFFGAT
FOLLOWING LIGHTBUOYS ESTABLISHED
MARKING OYSTER SEABED FARM
CARDINAL SPAR BUOY WNF-N VQ
53-42.7N 006-20.9E
CARDINAL SPAR BUOY WNF-S Q(6) "" LFL15S
53-41.9N 006-21.0E

NNNN
",,,,
seed:006_P_20180525,en,SDR,en,none,"ZCZC PA43
NETHERLANDS COASTGUARD
NAVIGATIONAL WARNING NR. 43 250803 UTC MAY
TEXEL
WESTCARDINAL LIGHTBUOY ZINK-W  VQ (9)10S
RE-ESTABLISHED IN POSITION 53-4.7N 004-42.1E
COVERING A FLOATING PIPELINE
NNNN
",,,,
seed:007_P_20180528,en,SDR,en,none,"ZCZC PA49
NETHERLANDS COASTGUARD
NAVIGATIONAL WARNING NR. 49 280825 UTC MAY
WEST OF TEXEL
GEOPOTES 15/PEHO CONDUCTING DREDGING OPERATIONS
IN THE FOLLOWING AREA:
A. 53-07.4N 004-32.5E
B. 53-06.0N 004 31.2E
C. 53-04.4N 004-42.4E
WIDE BERTH REQUESTED

NNNN
",,,,
seed:008_P_20180529,en,SDR,en,none,"ZCZC PA54
NETHERLANDS COASTGUARD
NAVIGATIONAL WARNING NR. 54 291003 UTC MAY
FOLLOWING BUOYS PERMANENTLY DISCONTINUED:
- MEET W  VQ (9) 10 S  52-16.85N 004-14.45E
- MEET W 1 Q (9) 15 S  52-14.31N 004-22.14E
- MEET E  VQ (3)  5 S  52-13.95N 004-23.36E

NNNN
",,,,
seed:009_P_20180530,en,SDR,en,none,"ZCZC PA56
NETHERLANDS COASTGUARD
NAVIGATIONAL WARNING NR. 56 300755 UTC MAY
PLATFORM L10-L 53-25.1N 004-11.1E
FOGHORN INOPERATIVE
NNNN
",,,,
seed:010_P_20180531,en,SDR,en,none,"ZCZC PA57
NETHERLANDS COASTGUARD
NAVIGATIONAL WARNING NR. 57 310309 UTC MAY
TSS MAAS NORTH
PIPELINE SURVEY BY FUGRO PIONEER CS C6BH3
A) 52-19.2N 003-46.6E
B) 52-19.1N 003-52.3E
C) 52-07.7N 003-55.8E
D) 52-07.7N 003-44.6E
WIDE BERTH REQUESTED
NNNN
",,,,
seed:011_P_20180531,en,SDR,en,none,"ZCZC PJ77
NETHERLANDS COASTGUARD
SATNAV MESSAGE NR. 77 310818 UTC MAY
DGPS PRE-WARNING MESSAGE:
THE TRANSMISSION OF THE DGPS-STATION GILZEN RIJEN  (THE NETHERLANDS),
WITH BROADCASTING  STATION-ID 426, RADIO BEACON-TRANSMISSION FREQUENCY 302 KHZ CAN BE INTERRUPTED :
FROM THE 4TH  UNTIL 8TH OF MARCH BETWEEN 6:00 UNTIL 15:00 UTC
FROM THE 11TH  UNTIL 15TH OF MARCH BETWEEN 6:00 UNTIL 15:00 UTC

NNNN
",,,,
seed:012_X_20260907,pl,TEXT,pl,draft,"OSTRZEŻENIE NAWIGACYJNE NR PL 216/2026 (BRZEGOWE)
KATEGORIA: WPROWADZENIE NOWEGO OZNAKOWANIA NAWIGACYJNEGO LUB ZNACZĄCE ZMIANY W ISTNIEJĄCYM OZNAKOWANIU MAJĄCE ZNACZENIE DLA ŻEGLUGI
OBSZAR: BAŁTYK POŁUDNIOWO-WSCHODNI. LOKALIZACJA: N OD STILO. MAPA INT1292.
W DNIACH 08-09.09.2026 PLANOWANE JEST WYSTAWIENIE PŁAW AIS NA POZYCJACH: 1. PŁAWA SM2 DB1 AIS: 55-06,23'N 17-56,38'E 2. PŁAWA SM4 DB2 AIS: 55-06,08'N 17-56,89'E JEDNOSTKA ZAANGAŻOWANA W PRACE: FAIRPLAY 37 (MMSI 261002431)
TERMIN OBOWIĄZYWANIA: OD 08 WRZ 2026, 00:00 (CET) DO 09 WRZ 2026, 23:59 (CET)
UWAGI: ZACHOWAĆ BEZPIECZNĄ ODLEGŁOŚĆ
ROZPOWSZECHNIONO 07 WRZ 2026. BHMW, KRAJOWY KOORDYNATOR OSTRZEŻEŃ NAWIGACYJNYCH.
","{""event_type"": ""NAV_WARNING"", ""warning_id"": ""PL 216/2026"", ""issued_at"": null, ""valid_from"": ""2026-09-07T22:00:00Z"", ""valid_to"": ""2026-09-09T21:59:00Z"", ""geometry"": {""type"": ""LineString"", ""coordinates"": [[17.9397, 55.1038], [17.9482, 55.1013]]}, ""location_name"": ""BAŁTYK POŁUDNIOWO-WSCHODNI, N OD STILO"", ""agency"": ""BHMW"", ""entities"": [{""type"": ""AID_TO_NAV"", ""text"": ""PŁAWA SM2 DB1 AIS""}, {""type"": ""AID_TO_NAV"", ""text"": ""PŁAWA SM4 DB2 AIS""}, {""type"": ""VESSEL"", ""text"": ""FAIRPLAY 37""}, {""type"": ""MMSI"", ""text"": ""261002431""}]}",,,
seed:013_X_20260907,en,TEXT,en,draft,"NAVIGATIONAL WARNING NO. PL 216/2026 (COASTAL)
CATEGORY: ESTABLISHMENT OF MAJOR NEW AIDS TO NAVIGATION OR SIGNIFICANT CHANGES TO EXISTING ZONES, WHEN SUCH ESTABLISHMENT OR CHANGE MIGHT BE MISLEADING TO SHIPPING
AREA: SOUTH-EASTERN BALTIC. LOCALISATION: N OF STILO. CHART INT1292.
BETWEEN 08TH AND 09TH SEP 2026 AIS BUOYS ARE TO BE ESTABLISHED IN POSITIONS: 1. BUOY SM2 DB1 AIS: 55-06,23'N 17-56,38'E 2. BUOY SM4 DB2 AIS: 55-06,08'N 17-56,89'E UNIT ENGAGED: FAIRPLAY 37 (MMSI 261002431)
TERM OF VALIDITY: FROM 07 SEP 2026, 22:00 (UTC) TO 09 SEP 2026, 21:59 (UTC)
REMARKS: SAFE BERTH REQUESTED
PROMULGATED 07 SEP 2026. HYDROGRAPHIC OFFICE OF THE POLISH NAVY, POLISH COORDINATOR OF RADIO NAVIGATIONAL WARNINGS.
","{""event_type"": ""NAV_WARNING"", ""warning_id"": ""PL 216/2026"", ""issued_at"": null, ""valid_from"": ""2026-09-07T22:00:00Z"", ""valid_to"": ""2026-09-09T21:59:00Z"", ""geometry"": {""type"": ""LineString"", ""coordinates"": [[17.9397, 55.1038], [17.9482, 55.1013]]}, ""location_name"": ""SOUTH-EASTERN BALTIC, N OF STILO"", ""agency"": ""BHMW"", ""entities"": [{""type"": ""AID_TO_NAV"", ""text"": ""BUOY SM2 DB1 AIS""}, {""type"": ""AID_TO_NAV"", ""text"": ""BUOY SM4 DB2 AIS""}, {""type"": ""VESSEL"", ""text"": ""FAIRPLAY 37""}, {""type"": ""MMSI"", ""text"": ""261002431""}]}",,,
seed:014_X_20260906,pl,TEXT,pl,draft,"OSTRZEŻENIE NAWIGACYJNE NR PL 215/2026 (BRZEGOWE)
KATEGORIA: OBECNOŚĆ DUŻYCH ZESPOŁÓW HOLUJĄCYCH
OBSZAR: BAŁTYK POŁUDNIOWY. LOKALIZACJA: WYBRZEŻE POLSKIE. MAPA INT1021.
W DNIACH OD 2026-09-07 DO 2026-09-08 PROWADZONA BĘDZIE OPERACJA HOLOWANIA RUROCIĄGU O DŁUGOŚCI 750 M PRZEZ HOLOWNIK HENRYK (MMSI: 261059000) W ASYŚCIE SM-PRC-101 LUB SM-PRC-107 NA TRASIE: Z REJONU JASTARNIA POZYCJA: 54-43.10N 018-38.10E DO REJONU PUSTKOWO POZYCJA: 54-04.50N 014-58.50E. UPRASZA SIĘ RYBAKÓW O ZDJĘCIE NARZĘDZI POŁOWOWYCH Z TRASY HOLOWANIA.
TERMIN OBOWIĄZYWANIA: OD 07 WRZ 2026, 04:00 (CET)
UWAGI: ZACHOWAĆ OSTROŻNOŚĆ.
ROZPOWSZECHNIONO 06 WRZ 2026. BHMW, KRAJOWY KOORDYNATOR OSTRZEŻEŃ NAWIGACYJNYCH.
","{""event_type"": ""NAV_WARNING"", ""warning_id"": ""PL 215/2026"", ""issued_at"": null, ""valid_from"": ""2026-09-07T02:00:00Z"", ""valid_to"": null, ""geometry"": {""type"": ""LineString"", ""coordinates"": [[18.635, 54.7183], [14.975, 54.075]]}, ""location_name"": ""BAŁTYK POŁUDNIOWY, WYBRZEŻE POLSKIE, JASTARNIA, PUSTKOWO"", ""agency"": ""BHMW"", ""entities"": [{""type"": ""VESSEL"", ""text"": ""HENRYK""}, {""type"": ""MMSI"", ""text"": ""261059000""}, {""type"": ""VESSEL"", ""text"": ""SM-PRC-101""}, {""type"": ""VESSEL"", ""text"": ""SM-PRC-107""}]}",,,
seed:015_X_20260906,en,TEXT,en,draft,"NAVIGATIONAL WARNING NO. PL 215/2026 (COASTAL)
CATEGORY: THE PRESENCE OF LONG TOWS
AREA: SOUTHERN BALTIC. LOCALISATION: POLISH COAST. CHART INT1021.
ON 2026-09-07 AND 2026-09-08 THE TOWING OPERATION OF 750M LONG SILTING PIPE WILL BE CONDUCTED BY VESSELS HENRYK (MMSI: 261059000) AND SM-PRC-101 OR SM-PRC-107 FROM JASTARNIA POSITION: 54-43.10N 018-38.10E TO PUSTKOWO POSITION: 54-04.50N 014-58.50E. FISHERMEN ARE ASKED TO REMOVE FISHING GEARS FROM THE TOWING ROUTE.
TERM OF VALIDITY: FROM 07 SEP 2026, 02:00 (UTC)
REMARKS: CAUTION ADVISED.
PROMULGATED 06 SEP 2026. HYDROGRAPHIC OFFICE OF THE POLISH NAVY, POLISH COORDINATOR OF RADIO NAVIGATIONAL WARNINGS.
","{""event_type"": ""NAV_WARNING"", ""warning_id"": ""PL 215/2026"", ""issued_at"": null, ""valid_from"": ""2026-09-07T02:00:00Z"", ""valid_to"": null, ""geometry"": {""type"": ""LineString"", ""coordinates"": [[18.635, 54.7183], [14.975, 54.075]]}, ""location_name"": ""SOUTHERN BALTIC, POLISH COAST, JASTARNIA, PUSTKOWO"", ""agency"": ""BHMW"", ""entities"": [{""type"": ""VESSEL"", ""text"": ""HENRYK""}, {""type"": ""MMSI"", ""text"": ""261059000""}, {""type"": ""VESSEL"", ""text"": ""SM-PRC-101""}, {""type"": ""VESSEL"", ""text"": ""SM-PRC-107""}]}",,,
seed:016_I_20260907,en,SDR,en,none,"ZCZC IAVW_
0210_
UTC JUL
BA_TC_ SEA_NA
_A_D NORTHERN _A_F RIGA AND SEA OF AALAND.
GNSS, AI_,__R AND DGPS _H___Y___UU__U_ZCZC

 2026-09-08 04:37:55(LV) AREA: J
ZCZC JA14
8 _7_+____5_0GBN_QA

NWC112/BLACK SEA.ROMANIA.23 AUGUST
ON _MARITIME EX_SES TRAINING IN_AKPC
FE TRNYN 028 37,4E
43 5_,6N 028 38,6_09,_63___)()9,_GIG_+)_:_!_!!6_/3_HEDULED AUMF_ALOWS:
ON 07.09. FM 0500 TO 2059 UTC,
ON 08 AND 0+.09. FM
500 __+._ _MGVH_XWON_BM
 EMGHZMT_FHZMGCH_
PROHIBITED TO NAVIGATION.
CXPSMHDFJMBJ_M_M_ZBZBT_ HZMGCHX_NNNN
",,,,
seed:017_J_20260908,en,SDR,noisy,none,"ZCZC JA74
070736 UTC SEP 26
VARNA RAWFZMZMLPDS__Z.6_!9,9,.
   35__'__.*____+_!9,+._FBZBUUEMGLPH_PP_M_FHMGWM_RCH AND RESCUE(_.*0.!._$0.60_ 40E
44 0_N 028 50E
©2019
43 52NNAVTEX.LV
        028 50E by Konstantin Sedov(3.0.0.7)
43 52N_028 40E.
NA
F_B_
_ CAUTION IN THISMAR__O_G
P_(91(_BU_Q_K_B
R_LBBNQPJ__-70+_(+_8)_8_-_49,:3) 5_8' .'_ 9, 08.09./150___(__9,,888_
_+:+: *-42
031_'30 2_
__6.62!+9,9,7.
_+_5__,_0.__-_)-.NAVY TRAINING.
ARTILLERY JCY_B_Q_CUB_A_GL_ ON 16 AND 17.09. AND
FM 0600 TO 153_ UTC ON _QIMPOMWP_WPN 028 51,20E
4* 38,20NV_AZMHHC_GP_N_,_*__+___4*+:3_0_363_3$!6_*!_3_
__,(__)__DO_NOLOLON(_93(3_
43 28,40N 028
2,(,__
8_60_0__G_L_TWNYPE

43 34,40N 0_8 _2_$GPMQM_ZJHMSFPONW_PY_HZM
FA_
FZ__ONGONNIIIUU_ JA,Y__PP__
H
_QHC
_Y
  =-
=-4,- 4-$89

,2 598/26
E FM SHABLA.NAVY TRAINI__ONTYHFSS_YEM!6__*.2.)-__)_. 0600 _59 2330 UTMVON _6
-,$ 17.09. AND
FM 0600 TO 1530 UTC ON__8.09.2026
IN RP_FZ__INWPN
N_
_FWP__
60.066G_IJKVOO_E
43 28,40
, 028 52,10E
61
_6_0!__.
__
_43 16,0,__)7_'9__-,9_, 0_8 34,70_
43 _5,00N_028 26,00E
_7 21,60_, 028 28,00_ AND COAST LIN_
_ROHOBITED TO NAVIG_TION.
NNNN
",,,,
seed:018_J_20260908,en,SDR,noisy,none,"ZCZC JA9_
_-)! 9! _9.-,--

,2 60/B_AC___OMANIA
DUE TO HF_DM_C_LPYMZ._6!_._!0*._+:29,!._$0.+6_$__423'5 0-45 9! _)-:( _- 9!
2_8:_ 2 CONTACTS FOUND_ CLEAR_D IN
ROMANIAN COASTAL AREA, _5__ .8,3 $-,_34
,2_-!_' _8___3:9..3,$3$ 59
-)_80' '-8-__.!._$0.6+_(.6___+2.6_*_+*!)!'(__._+._SEMH_IZ__AO__1__
,9.4/41-2022.
NNNN
",,,,
seed:019_J_20260908,en,SDR,en,none,"ZCZC JA76
030940 UTC AUG
GERMAN NAV WARN 434/26
SOUTHERN BALTIC. NORTHEAST Z_MY_P_P
_ON_IIKPLOSIVES FOUND ALONG THE JOINI__ES:
1. 54-48,6N 013-55,8E,
54-54,6N 013-53,8PMWOIIIV __KDELON/CEXN_ZNK_O_RK_LO/,:4-LO/,:_-_BKU_DRCKXMHON/,:_51,0E.
ANCHORING AND FISHING PROHIBITED WITHIN
A RADIUS OF 100 METRES.
CANCEL GERMAN NAV WA_N 403/26
NNNN
",,,,
seed:020_J_20260908,en,SDR,en,none,"ZCZC JA83
120930 UTC AUG
GERMAN NAV WARN 446/26
SOUTHERN BALTIC. NORTHEAST
O_MY_P_PMONIIIUPLOSIVES FOUND ALONG THE JOININ_LINES:
1.54-49.5N 013_4E
54-54.6N 013_0_
54-52.8N 013-45.6E
_5.3N 013-49.2E
54-28.3N 013-50.9E
54-21.7N 013-51.0E
ANCHORING AND FISHING PROHIBITED WITHIN O
GMYWFCJMZ.
 _OL_R__B___NIIIZCZC
",,,,
seed:021_J_20260908,en,SDR,en,none,"ZCZC JA90
171015 UT_G
GERMAN NAV WARN 463/26
WESTERN BALTIC. MECKLENBURG BAY.
'BUK' LIGHTHOUSE 54-08N 011-42E UNLIT.
NNNN
",,,,
seed:022_J_20260908,en,SDR,en,none,"ZCZC JA98
_
7_F_FMGCH_MC_ONGJZCHDPYMLK_G_BHAE_W_Q____JV_E_EXPLOSIVES FOUND L__MHDPMIIK_QZFF_YZHGM
_TTNRE,
      54-54,6N 013-_E ANWONMMMM_H_YGM
_PYCIII_.
2. 54-35,3N 013-49,2E,
      54-28,3N 013-50,9E AND
      54-21,7N 013-
  __0
_9 ___POSFHFZONMMMM_HYYYZGM_ATRNTE
      54-43,9N 013-52,8E
ANCHORING AND FISHING PROHIBITED WITHIN
A RADIUS OF 100 _43'.
NNNN
",,,,
seed:023_J_20260908,en,SDR,en,none,"ZCZC JA85
222334 UTC AUG
DANISH NAV _Y_M_PP_
THE SOUND. __K. HELSINGOER.
LIGHT TOWER KRONBZ56-02.4N 012-37.3E
UNLIT.
NNNN
",,,,
seed:024_J_20260908,en,SDR,en,none,"ZCZC JA10
261316 UTC AUG

KALINGRAD NAV WARN 201/26
SOCHDPJHPYMLSHF_ONGJDF_JMP_PYXFJPJM_ICQWQPP UTC AUG THR_PWQPP UTC SEP
AREA TEMPORARILY DANGEROUS TO SHIPPIN_
N
HH_PUB_G_QOAPQ_YPE
55-32.00_,_
_50.00E
55-03.00N 019-35.00E
546__6G_N_TMPPE
54-50.30M_OAWPMEPE
55-11.50N _Y_BAPOMWPE
55-20.00N ___Y__HDFJ___RBNNGCCG9_._

_-/-/.1__ZO
_EPI UTC AUG
KALINGRAD NAV WARN 200/26
SOUTHEASTERN BALTIC
SHIPS EXERC 31_100__AUG THRU 302100=U_C SEP
GYPMHP__ZYYFS__W_ROUS TO__DING BR-42
55-20.0NVWPAPIMPE
55-20.0N _20-25.0E
_TTAPUMYN 020-25.0E
55-07.6N 020-08.0E
CAN_PSMHDFJM_302200 UTC SEP
NNNN
",,,,
seed:025_J_20260908,en,SDR,en,none,"ZCZC JA11
261320 UTC AUG
KALINGRAD NAV WARN 202/26
SOUTHEASTERN BALTIC
SHIPS EX_WQPP UTC AUG THRU 302100
UTC SEP
AREA TEMPORARILY DANGEROUS TO SHIPPING BR-117

___6__ 019-03.00E
55-30.00N
_ _B_GP_N_HHYB_G_WPAQTMPPE
5____ 020-06.00E
54-57.50N 019-55.00E
54-50.0___
54-50.00N 019-25._0E
CANCEL THIS MSG 302200 UTC SEP
NNNN
",,,,
seed:026_J_20260908,en,SDR,en,none,"ZCZC JA17
271332 UTC AUG
_Y_OKKBKOBKCELBEGRK_ZHV___GP_L__PW
 _FU_W_F MECKLENBURG.
RESEARCH WORK IN PROGRESS BY MV 'OLYMPIC ZEUS', CS 'LAUR'
IN THE A_EA_POSITION 54-17,5N 012-01,5E.
SHIPP IS REQUESTED TO _
F_AT_ WITH CAUTION.

SAFE BERTH OF 50_M REQUESTED.
NNNN
",,,,
seed:027_J_20260908,en,SDR,noisy,none,"ZCZC JA23
281030 UTC AUG
LITHUANIAN NAV WARN 059/26
SOUTH-EASTERN BALTIC
APPROACHES TO PORT KLAIPEDA ODAS _IGHTBUOY
A YELLOW ODAS LIGHTBUOY FL(5) Y 20S HAS BEEN DE_LOYED
PSN_ARTMTON 020-58*7_:_
A SAFETY ZONE, RADIUS 0.5 NM, HAS BEEN ESTABLISHED
CENTRED ON BUOY.
___6!06*.60.2_!_7589, !._$0.60_NNNN
",,,,
seed:028_J_20260908,en,SDR,en,none,"ZCZC JA29
031128 UTC SEP

POLISH NAV WARN 213/26

SOUTHERN BALTIFL_VGZSFJDM_ZK_POMERANIAN
B_ONGWCPMHZM_FSFHY_MPTPYXFJPJMYPMLZCWPWMLEM_ZJ_H_A_QZ_ TRA
_014-27.!!_09,
_54-11.45N 014-36.38E
3. 54-13.51N 014-46.88E
_Y_MH_ _BP G_
_RIMUIE
IS TEMPORARILY DANGEROUS FOR SHIPPING ANW FISHERY:
ON 2026-09-07 FROM 12:00 TO 13:00
ON 2026-09-10 FROM 19:00 TO 21:00
EXTREME CAUT_ON ADVISED
_MNCEL THIS MSG 102100 UTC SEP
NNNN
",,,,
seed:029_J_20260908,en,SDR,noisy,none,"ZCZC JA3_
85
__510 UTC SEP
GERMAN NAV WARN 496/26
WESTERN BALTIC.FLENSBURGER FOERDE.
'_8=__=_6_2_*._'!_$_$+:*0.__6_____
_53E UNLIT.
_:_,:3) ,
!__!+'._6!_.__16.
NNNN
",,,,
seed:030_J_20260908,en,SDR,en,none,"ZCZC JA34
041635 UTC SEP
FFJDM
M_Y_M_PH
T__ONONGW_J

GJH_ HAMMER ODDE 289.5 KHZ
55-17.9N 014-46.4E UNNAH_ABLE.
_NNN

ZCZC
",,,,
seed:031_J_20260907,en,SDR,en,none,"ZCZC JA48
050652 UTC_SEP 26
VARNA RADIO

NW 60_/26
S FM CAPE GALATA.NAVY TRANIF__M
_DIVSNG WO_V_TRT TO _23_
9, 09 AND 10.09.202_ N REGION WITH
CEH_
__MY_M_FHZ_
N(._3.///BKU_OE__D___KU_QOH_-2'_3__8,_,DIVING AND ANY TYPE
UND_RWATER ACTIVITY.
NNNN
",,,,
seed:032_J_20260907,en,SDR,noisy,none,"ZCZC JA51
050652 UTC SEP 26
__- 4-$89
_*
_(_
NE FM MAZ_M 0700 TO (_0___ 5:_
9, 09_09.2_, 027 47,0A
42 _=,0_,=_027_59,__589,_ANCHORING,
FI_HING,DIVING AND AN_ TYPE UNDENNNN
",,,,
seed:033_J_20260907,en,SDR,noisy,none,"ZCZC JA35
042159 UTC SEP
POLISH NAV WARN 2 _57_9,9,_*+:_$06.)'_!_POLISH COAST
IN AREA BOUNDED BY PSN:
1. 54-41.5N 016-23.6E
2. 54-42.0N 016-28.8E
3_._66 016-31.1E
4. 5__+__*_5_
_X_ SEP 26
VAR_A R_DIN

NW _)5_89__'7+:+: -_5*
05052 UTC_EP *6
VAANA_RAD_O

N_ T_P_XWY
_S J_V_A_E GALA_A.7,-=_ 54-8,89,,AOANCH_OK_G_FJ_F!*!___(2.(____9.1BKUNEZK_TIVITY.
NNNN
",,,,
seed:034_X_20260903,pl,TEXT,pl,draft,"OSTRZEŻENIE NAWIGACYJNE NR PL 212/2026 (BRZEGOWE)
KATEGORIA: WYMAGANIA W ZAKRESIE BEZPIECZEŃSTWA
OBSZAR: BAŁTYK POŁUDNIOWY. LOKALIZACJA: WYBRZEŻE POLSKIE, ZATOKA POMORSKA. MAPA INT1295.
AKWEN O WSPÓŁRZĘDNYCH: 1. 54-12.01N 014-33.98E 2. 54-14.51N 014-30.78E 3. 54-15.51N 014-34.78E 4. 54-13.01N 014-37.08E OGŁASZA SIĘ JAKO NIEBEZPIECZNY DLA ŻEGLUGI I RYBOŁÓWSTWA ZE WZGLĘDU NA ĆWICZENIA WOJSKOWE Z UŻYCIEM UZBROJENIA W DNIACH: 2026-09-07 OD GODZINY 08:00 DO GODZINY 16:00 2026-09-08 OD GODZINY 08:00 DO GODZINY 16:00 2026-09-10 OD GODZINY 07:00 DO GODZINY 16:00
TERMIN OBOWIĄZYWANIA: OD 07 WRZ 2026, 08:00 (CET) DO 10 WRZ 2026, 16:00 (CET)
UWAGI: ZALECANA SZCZEGÓLNA UWAGA
ROZPOWSZECHNIONO 03 WRZ 2026. BHMW, KRAJOWY KOORDYNATOR OSTRZEŻEŃ NAWIGACYJNYCH.
","{""event_type"": ""EXERCISE"", ""warning_id"": ""PL 212/2026"", ""issued_at"": null, ""valid_from"": ""2026-09-07T06:00:00Z"", ""valid_to"": ""2026-09-10T14:00:00Z"", ""geometry"": {""type"": ""Polygon"", ""coordinates"": [[[14.5663, 54.2002], [14.513, 54.2418], [14.5797, 54.2585], [14.618, 54.2168], [14.5663, 54.2002]]]}, ""location_name"": ""BAŁTYK POŁUDNIOWY, WYBRZEŻE POLSKIE, ZATOKA POMORSKA"", ""agency"": ""BHMW"", ""entities"": []}",,,
seed:035_X_20260903,en,TEXT,en,draft,"NAVIGATIONAL WARNING NO. PL 212/2026 (COASTAL)
CATEGORY: SECURITY-RELATED REQUIREMENTS
AREA: SOUTHERN BALTIC. LOCALISATION: POLISH COAST, POMERANIAN BAY. CHART INT1295.
DUE TO MILITARY EXERCISES AREA BOUNDED BY POSITIONS: 1. 54-12.01N 014-33.98E 2. 54-14.51N 014-30.78E 3. 54-15.51N 014-34.78E 4. 54-13.01N 014-37.08E IS TEMPORARILY DANGEROUS FOR SHIPPING AND FISHERY: ON 2026-09-07 FROM 06:00 TO 14:00 ON 2026-09-08 FROM 06:00 TO 14:00 ON 2026-09-10 FROM 05:00 TO 14:00 TIME IN UTC
TERM OF VALIDITY: FROM 07 SEP 2026, 06:00 (UTC) TO 10 SEP 2026, 14:00 (UTC)
REMARKS: EXTREME CAUTION ADVISED
PROMULGATED 03 SEP 2026. HYDROGRAPHIC OFFICE OF THE POLISH NAVY, POLISH COORDINATOR OF RADIO NAVIGATIONAL WARNINGS.
","{""event_type"": ""EXERCISE"", ""warning_id"": ""PL 212/2026"", ""issued_at"": null, ""valid_from"": ""2026-09-07T06:00:00Z"", ""valid_to"": ""2026-09-10T14:00:00Z"", ""geometry"": {""type"": ""Polygon"", ""coordinates"": [[[14.5663, 54.2002], [14.513, 54.2418], [14.5797, 54.2585], [14.618, 54.2168], [14.5663, 54.2002]]]}, ""location_name"": ""SOUTHERN BALTIC, POLISH COAST, POMERANIAN BAY"", ""agency"": ""BHMW"", ""entities"": []}",,,
seed:036_X_20260903,pl,TEXT,pl,draft,"OSTRZEŻENIE NAWIGACYJNE NR PL 211/2026 (BRZEGOWE)
KATEGORIA: WYMAGANIA W ZAKRESIE BEZPIECZEŃSTWA
OBSZAR: BAŁTYK POŁUDNIOWY. LOKALIZACJA: WYBRZEŻE POLSKIE, ZATOKA POMORSKA. MAPA INT1295.
Z POWODU ĆWICZEŃ WOJSKOWYCH ZAMYKA SIĘ DLA ŻEGLUGI I RYBOŁÓWSTWA NASTĘPUJĄCĄ STREFĘ: S-13 Z CENTRUM O WSPÓŁRZĘDNYCH 54-03.39N 014-32.21E OD DNIA 2026-09-07 OD 08:00 DO DNIA 2026-09-08 DO 16:00 DNIA 2026-09-10 OD 04:00 DO 06:00 DNIA 2026-09-11 OD 04:00 DO 06:00
TERMIN OBOWIĄZYWANIA: OD 07 WRZ 2026, 08:00 (CET) DO 11 WRZ 2026, 06:00 (CET)
UWAGI: STREFA ZAMKNIĘTA
ROZPOWSZECHNIONO 03 WRZ 2026. BHMW, KRAJOWY KOORDYNATOR OSTRZEŻEŃ NAWIGACYJNYCH.
","{""event_type"": ""EXERCISE"", ""warning_id"": ""PL 211/2026"", ""issued_at"": null, ""valid_from"": ""2026-09-07T06:00:00Z"", ""valid_to"": ""2026-09-11T04:00:00Z"", ""geometry"": {""type"": ""Point"", ""coordinates"": [14.5368, 54.0565]}, ""location_name"": ""BAŁTYK POŁUDNIOWY, WYBRZEŻE POLSKIE, ZATOKA POMORSKA, STREFA S-13"", ""agency"": ""BHMW"", ""entities"": [{""type"": ""OTHER"", ""text"": ""S-13""}]}",,,
seed:037_X_20260903,en,TEXT,en,draft,"NAVIGATIONAL WARNING NO. PL 211/2026 (COASTAL)
CATEGORY: SECURITY-RELATED REQUIREMENTS
AREA: SOUTHERN BALTIC. LOCALISATION: POLISH COAST, POMERANIAN BAY. CHART INT1295.
DUE TO MILITARY EXERCISES ZONE IS CLOSED FOR SHIPPING AND FISHERY: S-13 CENTERED 54-03.39N 014-32.21E FROM 2026-09-07 06:00 TO 2026-09-08 14:00 ON 2026-09-10 FROM 02:00 TO 04:00 ON 2026-09-11 FROM 02:00 TO 04:00 TIME IN UTC
TERM OF VALIDITY: FROM 07 SEP 2026, 06:00 (UTC) TO 11 SEP 2026, 04:00 (UTC)
REMARKS: ZONE IS CLOSED
PROMULGATED 03 SEP 2026. HYDROGRAPHIC OFFICE OF THE POLISH NAVY, POLISH COORDINATOR OF RADIO NAVIGATIONAL WARNINGS.
","{""event_type"": ""EXERCISE"", ""warning_id"": ""PL 211/2026"", ""issued_at"": null, ""valid_from"": ""2026-09-07T06:00:00Z"", ""valid_to"": ""2026-09-11T04:00:00Z"", ""geometry"": {""type"": ""Point"", ""coordinates"": [14.5368, 54.0565]}, ""location_name"": ""SOUTHERN BALTIC, POLISH COAST, POMERANIAN BAY, ZONE S-13"", ""agency"": ""BHMW"", ""entities"": [{""type"": ""OTHER"", ""text"": ""S-13""}]}",,,
seed:038_X_20260903,pl,TEXT,pl,draft,"OSTRZEŻENIE NAWIGACYJNE NR PL 208/2026 (NAVTEX)
KATEGORIA: WYMAGANIA W ZAKRESIE BEZPIECZEŃSTWA
OBSZAR: BAŁTYK POŁUDNIOWY. LOKALIZACJA: WYBRZEŻE POLSKIE. MAPA INT1219.
Z POWODU ĆWICZEŃ WOJSKOWYCH ZAMYKA SIĘ DLA ŻEGLUGI I RYBOŁÓWSTWA NASTĘPUJĄCĄ STREFĘ: S-6 Z CENTRUM O WSPÓŁRZĘDNYCH 54-39.27N 016-36.59E DNIA 2026-09-07 OD 08:00 DO 16:00 DNIA 2026-09-08 OD 06:00 DO 23:59 DNIA 2026-09-09 OD 06:00 DO 23:59 DNIA 2026-09-10 OD 06:00 DO 23:59 DNIA 2026-09-11 OD 06:00 DO 23:59
TERMIN OBOWIĄZYWANIA: OD 07 WRZ 2026, 08:00 (CET) DO 11 WRZ 2026, 23:59 (CET)
UWAGI: STREFA ZAMKNIĘTA
ROZPOWSZECHNIONO 03 WRZ 2026. BHMW, KRAJOWY KOORDYNATOR OSTRZEŻEŃ NAWIGACYJNYCH.
","{""event_type"": ""EXERCISE"", ""warning_id"": ""PL 208/2026"", ""issued_at"": null, ""valid_from"": ""2026-09-07T06:00:00Z"", ""valid_to"": ""2026-09-11T21:59:00Z"", ""geometry"": {""type"": ""Point"", ""coordinates"": [16.6098, 54.6545]}, ""location_name"": ""BAŁTYK POŁUDNIOWY, WYBRZEŻE POLSKIE, STREFA S-6"", ""agency"": ""BHMW"", ""entities"": [{""type"": ""OTHER"", ""text"": ""S-6""}]}",,,
seed:039_X_20260903,en,TEXT,en,draft,"NAVIGATIONAL WARNING NO. PL 208/2026 (NAVTEX)
CATEGORY: SECURITY-RELATED REQUIREMENTS
AREA: SOUTHERN BALTIC. LOCALISATION: POLISH COAST. CHART INT1219.
DUE TO MILITARY EXERCISES ZONE IS CLOSED FOR SHIPPING AND FISHERY: S-6 CENTERED 54-39.27N 016-36.59E ON 2026-09-07 FROM 06:00 TO 14:00 ON 2026-09-08 FROM 04:00 TO 21:59 ON 2026-09-09 FROM 04:00 TO 21:59 ON 2026-09-10 FROM 04:00 TO 21:59 ON 2026-09-11 FROM 04:00 TO 21:59 TIME IN UTC.
TERM OF VALIDITY: FROM 07 SEP 2026, 06:00 (UTC) TO 11 SEP 2026, 21:59 (UTC)
REMARKS: ZONE IS CLOSED
PROMULGATED 03 SEP 2026. HYDROGRAPHIC OFFICE OF THE POLISH NAVY, POLISH COORDINATOR OF RADIO NAVIGATIONAL WARNINGS.
","{""event_type"": ""EXERCISE"", ""warning_id"": ""PL 208/2026"", ""issued_at"": null, ""valid_from"": ""2026-09-07T06:00:00Z"", ""valid_to"": ""2026-09-11T21:59:00Z"", ""geometry"": {""type"": ""Point"", ""coordinates"": [16.6098, 54.6545]}, ""location_name"": ""SOUTHERN BALTIC, POLISH COAST, ZONE S-6"", ""agency"": ""BHMW"", ""entities"": [{""type"": ""OTHER"", ""text"": ""S-6""}]}",,,
seed:040_U_20260908,en,SDR,noisy,none,"ZCZC UA96
080320 UTC SEP 26
MONDOLFO RADIO

COASTAL WARNING 357/26 AUG 03
MERIDIONAL ADRIATIC AND SETTEOH__Z_SMFZFMJP_FROM 07 UNTIL 16 SEP 2026, THE N_O GAIA BLU
WILL CARRY OUT P_JZ
GJONZ_P_Z_YDFXMX__FM+6__94-_3 .-8,53,-,_0.!._$0.,__(34_1+3__ :9.0-.-43 _-48
-,$._'_!_+'__ALL UNITS INMHYJFHM_CJ_MEMBTFBCBM_CHFZMWM_FHFMMJ_PONWFJH_PMZ._
.__!'_._6+_.:!_*_
NNNN
",,,,
seed:041_U_20260908,en,SDR,noisy,none,"ZCZC UA94
080320 UTC SEP 26
MONDOLFO RADIO

COASTAL WARNING 408/26 SEP 05
SOU
_ERN ADRIATIC SEA - BARI.

                           ADRIFT,   1.5 METERS
CONSTITUTING A DANGER TO NAVIGATION,._!._+*!_!+_LAT 41 34' 35'' N - LONG. 017 14' 20''
E
TRANSIT SHIPS BEWARE.

NNNN
",,,,
seed:042_U_20260908,en,SDR,noisy,none,"ZCZC UA92
080320 UTC SEP 26
MONDOLFO RADIO

NAVAREA III
NORTHERN ADRIA
F_MJPON_D_H_HHI(SPLIT) 300-31 VENEZIA-ZADAR, INT 204 RAMKBB_ENEZIA
22 SEPTEMBER 2026 AND 26._*0__0_)0_._7UE_G_YZBB_ UTC TO 1900 UTC, SLOVENIAN NAVY WILL
EXECUTE GUNNERY EXEY_FJPJMZM_SZHPWMHY_PHMFMYPMLZCWPWMLE

A. 45 17.0 N 012 _ E
B. 45 17.0 N 012 57._._09,_45 03_MB99___9_,_+7_8_0_)__8)$8+)__.5 E
E. 45 07.0 N 012 52_3.
SLOVENIAN PATRO_ SHIPS WILL CONDUCT SAFETY MESSAGE ON VHF 16 PRIOR GUNNERY
EXERCIS_MWFSE_
NNNN
",,,,
seed:043_U_20260907,en,SDR,noisy,none,"ZCZC UA96
072320 UTC SEP 26
MONDOLFO RADIO

COASTAL WARNING 357/26 AUG 03
MERIDIONAL ADRIATIC AND SETTENTRIONAL IONIAN SEA.
FROM 07 UNTIL 16 SEP 2026, THE N-ZM_FMLSCM_F_ARRY OUT EMSO-SA
OCEANODFX_UFXXM+6_+$+__$+_!_0_0_0.!._$0.__06._!66+6*9,+./__BYPMLYFMWM_S_F_ZS__ALL UNITS
NNMHYJFHM_CJ_MEMBTFBCBM_CHFZMWM_FHFMMJ_PONWFJH_B_Q MILE FROM UNITS.
,_9,,_77__7ZCZC
",,,,
seed:044_U_20260907,en,SDR,noisy,none,"ZCZC UA93
0723__.____.*0M
U_O_G_ZWZS_ZMYWFZONON_ZJHSM_YF_M
Y__U_EP 06
SOUTHERN ADRIATIC SEA - BARI.
THE BARI VTS CENTER IS IN NON-OPERATIONAL PHASE FROM 19.00LT
ON 06 SE_MH_M_CB_GSHMZM_SEP 26, THEREFORE, VTS SERVJ
N_J_ZHZHMLPM_YZ
FW_W_
NNNN
",,,,
seed:045_H_20260908,en,SDR,noisy,none,"ZCZC HA60
140945 UTC MAR 26
IRAKLEIO _ADS_VWARN 209/26
SOUTH EASTERN PELOPONNESE
LACONIAN GULF
EXERCISES BY H_LSC NAVY
FROM 151500 UTC MAR 26 UNTII_L H __MG_H_MJP_
U_FMYPMLZCWPWMLE_EY RPMUPN - 022 40.60E
36 33.40N - 022 48.90E
3_.78N JA P_W RO_*_*=!__6:
-6 22.07 PTMIPN PWW _OMIEE
AVOID CROSSIN_ AO_PM_PK_Z_

 _ I)_3___ZCZC
",,,,
seed:046_H_20260908,en,SDR,en,none,"ZCZC HA86
312050 UTC AUG 26
IRAKLEIO STATION RADIO NAVWARN 1036/26
1. UNAUTHORIZED STATION HAS BROADCAST NAVTEX MESSAGE

                                  59 ':83,58!8: 43'3-
4:$_.9,__6_.+.__!/$.___/_.$$_31UBKQB___QBD_N__1$_=_(_UB_SFPJMZ_PY_N_YPPVM_ZHFPHSMJDPS_M
OREOVER, THISM_Z_ON FALLS WITHIN TDPMDPSSPF_ON__HPTMJ_Y
F_PMYP_MG_DPYPMHDPMFY_SPFZM_HPTMJHHFZMDJMHDPMP_AUTHORITY TO BROADCAST NAVTEX MESSAGES.
3. CANCEL THIS MESSAGE ON _QTWPTOXAMJPM
U_GONNIII_ZCZC
",,,,
